Evidence_ID,Source_Date,Community,Evidence_Unit,Theme,Subtheme,Stance,Paraphrased_Observation,Workaround_or_Preference,Product_Implication,Evidence_Strength,Limitation,Source_Title,Source_URL
U001,2022-08-30,r/anker,Post,机械稳定性,重型壁插下坠,支持,Anker 735 用户认为机身重量与重心远离插脚，轻微碰动就会从插座松脱。,无稳定补救；问题在插座承载与重心。,降低墙端质量和悬臂距离，而不只追求更高功率。,低（单条公开经历）,不能代表全部 Anker 735 或全部插座。,Anker 735 wall prongs so thin the device falls out,https://www.reddit.com/r/anker/comments/x1og80/anker_735_wall_prongs_so_thin_the_device_falls/
U002,2022-08-30,r/anker,Comment,反方与边界,并非所有场景失效,反方,另一位用户也不喜欢该产品的形状和重量，但在酒店平面插座上并未遇到脱落。,优先在有支撑的平面插座使用。,产品痛点与插座朝向、磨损和支撑条件有关，不应宣称普遍发生。,低（单条公开经历）,评论者使用环境有限。,Anker 735 wall prongs so thin the device falls out,https://www.reddit.com/r/anker/comments/x1og80/anker_735_wall_prongs_so_thin_the_device_falls/
U003,2024-03-24,r/AskElectricians,Post,机械稳定性,松动插座+长适配器,支持,旅行插头在松动插座中反复掉落，用户认为插头的重量和长度会加重问题。,寻求旅行场景的稳定方案。,机械稳定性应同时考虑插座磨损、墙端质量和重心。,低（单条公开经历）,未测量插座夹持力。,My travel plug keeps falling out,https://www.reddit.com/r/AskElectricians/comments/1bmitef/my_travel_plug_keeps_falling_out_the_sockets_are/
U004,2024-03-24,r/AskElectricians,Comment,机械稳定性,短延长线卸载,支持,评论建议使用短、扁平、90° 的延长线，把重型充电器从墙面移开。,短线式连接。,25–30cm 低轮廓输入线是有现实先例的 workaround。,低（建议型评论）,未提供实体对比数据。,My travel plug keeps falling out,https://www.reddit.com/r/AskElectricians/comments/1bmitef/my_travel_plug_keeps_falling_out_the_sockets_are/
U005,2024-03-24,r/AskElectricians,Comment,机械稳定性,插座磨损,支持,评论指出磨损插座需要插脚对内部触点保持足够压力，才能承受线材和插头重量。,换插座或减少负载。,产品不能修复损坏插座，只能降低附加机械负载并提醒断连。,低（技术讨论）,不是正式电气检验。,My travel plug keeps falling out,https://www.reddit.com/r/AskElectricians/comments/1bmitef/my_travel_plug_keeps_falling_out_the_sockets_are/
U006,2024-03-24,r/AskElectricians,Comment,地区适配策略,原生插头优先,支持,一位用户建议为常去地区准备原生插头版本，认为原生结构通常比叠加转换器贴合。,按地区切换原生插头。,地区模块应尽量接近当地原生插头几何，而不是再叠加万能头。,低（个人建议）,携带多个模块会增加管理成本。,My travel plug keeps falling out,https://www.reddit.com/r/AskElectricians/comments/1bmitef/my_travel_plug_keeps_falling_out_the_sockets_are/
U007,2023-06-26,r/unitedairlines,Comment,插座可达性,短延长线通用价值,支持,用户认为短双头延长线在飞机、机场和酒店都很有用，不只解决座椅插座问题。,携带短延长线。,短线应被定义为跨场景旅行部件，而非单一航空配件。,低（个人经验）,航空与酒店插座差异大。,Solution for loose electrical outlets,https://www.reddit.com/r/unitedairlines/comments/14i8wgg/solution_for_loose_electrical_outlets/
U008,2023-06-26,r/unitedairlines,Comment,机械稳定性,胶带固定,支持,用户会在充电器两侧预留胶带，遇到松动插座时直接固定。,胶带临时固定。,用户愿意采用不优雅的 workaround，说明稳定性失败的代价可感知。,低（个人经验）,胶带不是安全或通用方案。,Solution for loose electrical outlets,https://www.reddit.com/r/unitedairlines/comments/14i8wgg/solution_for_loose_electrical_outlets/
U009,2023-06-26,r/unitedairlines,Comment,机械稳定性,酒店/飞机短线,支持,用户专门随身携带小延长线，以应对飞机和酒店的松动或位置不佳插座。,小型延长线。,短线卸载需求跨越航空和住宿场景。,低（个人经验）,未说明重量和长度。,Solution for loose electrical outlets,https://www.reddit.com/r/unitedairlines/comments/14i8wgg/solution_for_loose_electrical_outlets/
U010,2023-06-26,r/unitedairlines,Comment,机械稳定性,接地插脚增强支撑,支持,用户使用带接地插脚的 Anker PowerCube，认为第三插脚在磨损插座中更稳定，但输出功率较低。,带地脚的扩展装置。,可靠性与高功率之间存在取舍；Atlas 不应通过增加笨重 AC 排插解决。,低（个人经验）,不同插座结构下效果不同。,Solution for loose electrical outlets,https://www.reddit.com/r/unitedairlines/comments/14i8wgg/solution_for_loose_electrical_outlets/
U011,2023-06-26,r/unitedairlines,Comment,安全与误用,弯折插脚,约束,部分用户建议轻微掰弯插脚增加摩擦，也有评论明确反对这种做法。,不安全的自助改造。,产品应减少用户修改插脚的动机，并在材料中明确禁止。,低（讨论冲突）,不是正式安全指导。,Solution for loose electrical outlets,https://www.reddit.com/r/unitedairlines/comments/14i8wgg/solution_for_loose_electrical_outlets/
U012,2024-02-04,r/onebag,Comment,便携性,功率与体积取舍,约束,用户认为新款 100W 可换插脚充电器很好但偏大，旅行时仍选择更小的旧款。,按旅行任务降低功率。,100W 是上限目标而非必须追求更高；体积和稳定性优先。,低（个人偏好）,未提供具体重量。,How many onebaggers carry universal adapters,https://www.reddit.com/r/onebag/comments/1ai3pbg/how_many_of_those_onebagging_it_overseas_carry/
U013,2024-02-04,r/onebag,Comment,接口与线材,USB-C统一,支持,用户把主要设备统一到 USB-C，只携带一个充电器和各地适配附件。,设备接口统一。,主机应以 USB-C 为主，但仍需为少量遗留设备保留策略。,低（个人配置）,用户设备较新。,How many onebaggers carry universal adapters,https://www.reddit.com/r/onebag/comments/1ai3pbg/how_many_of_those_onebagging_it_overseas_carry/
U014,2024-02-04,r/onebag,Comment,机械稳定性,轻插头+桌面主机,强支持,用户因万能充电器在差插座中反复掉落，改用带短延长线和地区附件的 200W 桌面式主机，让墙上只保留小插头。,轻量墙插头与桌面主机。,这是 Atlas Relay 核心结构最直接的真实先例之一。,中低（详细个人经验）,200W 产品可能远重于本项目目标。,How many onebaggers carry universal adapters,https://www.reddit.com/r/onebag/comments/1ai3pbg/how_many_of_those_onebagging_it_overseas_carry/
U015,2024-02-04,r/onebag,Comment,目标用户,携带笔记本时才需要,约束,用户只有在携带笔记本时才带通用适配方案；只带手机时通常不带。,按设备任务选择装备。,目标用户应限定为笔记本和多设备旅行者。,低（个人行为）,无法代表所有轻装旅行者。,How many onebaggers carry universal adapters,https://www.reddit.com/r/onebag/comments/1ai3pbg/how_many_of_those_onebagging_it_overseas_carry/
U016,2024-02-04,r/onebag,Comment,地区适配策略,高频多地区携带,支持,频繁前往多种插座地区的用户不愿到达后再专门购买日常必需的小配件。,预先携带地区附件。,行程配置和少量地区模块对高频旅行者有价值。,低（个人偏好）,低频旅行者可能选择当地购买。,How many onebaggers carry universal adapters,https://www.reddit.com/r/onebag/comments/1ai3pbg/how_many_of_those_onebagging_it_overseas_carry/
U017,2024-02-04,r/onebag,Comment,反方与边界,当地购买被认为浪费,中性,评论认为每次到达后购买再丢弃适配器很浪费，并指出少数常见插头类型可覆盖大部分行程。,保留常用地区附件。,模块数量应控制在高频地区集合，而不是每国一个。,低（个人观点）,覆盖比例是评论者估计，未核验。,How many onebaggers carry universal adapters,https://www.reddit.com/r/onebag/comments/1ai3pbg/how_many_of_those_onebagging_it_overseas_carry/
U018,2023-12,r/delta,Comment,机械稳定性,短线+第三插脚,支持,用户携带约 2 英尺的三孔延长线，认为第三插脚有助于在松动机舱插座中保持稳定。,短三孔延长线。,短线和低轮廓插头能够分担墙端稳定问题。,低（个人经验）,航空插座不等同酒店插座。,Hacks for loose in-flight outlets,https://www.reddit.com/r/delta/comments/18miluo/hacks_for_loose_in_flight_outlets/
U019,2023-12,r/delta,Comment,机械稳定性,座椅袋承重,支持,用户选择扁平插头，并把另一端的充电块放在座椅袋中，避免被脚踢或从插座脱落。,扁平插头+远端承重。,主机离墙同时改善抗碰撞和插座可达性。,低（个人经验）,座椅袋并非所有场景可用。,Hacks for loose in-flight outlets,https://www.reddit.com/r/delta/comments/18miluo/hacks_for_loose_in_flight_outlets/
U020,2023-12,r/delta,Comment,机械稳定性,旋转短线卸载,支持,用户使用可旋转的扁平短延长线，认为它既减少墙端重量，也适用于酒店差插座。,旋转短线。,Flex-Link 应考虑方向适配和低弯矩，而非仅固定 30cm 线。,低（个人经验）,旋转机构增加结构复杂度。,Hacks for loose in-flight outlets,https://www.reddit.com/r/delta/comments/18miluo/hacks_for_loose_in_flight_outlets/
U021,2023-12,r/delta,Comment,插座可达性,凹陷插座,支持,用户采用约 12 英寸的地区 C7 电源线，认为小型转换头有时无法进入或拔出欧洲凹陷插座。,地区短电源线。,地区模块更适合做成短电源线组件，而不是厚重墙插附件。,中低（具体结构经验）,仅适用于可更换 C7 输入的充电器。,Hacks for loose in-flight outlets,https://www.reddit.com/r/delta/comments/18miluo/hacks_for_loose_in_flight_outlets/
U022,2023-12,r/delta,Comment,机械稳定性,胶带备用,支持,另一位用户也会旅行携带胶带应对松动插座。,胶带固定。,不雅 workaround 在多个独立讨论中重复出现。,低（个人经验）,不能将胶带数量外推为发生率。,Hacks for loose in-flight outlets,https://www.reddit.com/r/delta/comments/18miluo/hacks_for_loose_in_flight_outlets/
U023,2025,r/travel,Comment,地区适配策略,万能头连接松,支持,用户认为一体式万能头更笨重、连接质量差且容易松，改为逐步收集各地区小适配器。,地区小适配器。,轻量地区模块在连接可靠性和收纳上有优势。,低（个人经验）,可能使用了低质量万能头。,All-in-one or individual travel adapters,https://www.reddit.com/r/travel/comments/1ir3ymv/travel_adapters_do_you_prefer_the_all_in_one_or/
U024,2025,r/travel,Comment,反方与边界,到达后购买,反方,用户认为旅行者常常过度研究适配器，到达机场购买两只简单转换头就足够。,当地购买。,Atlas 不应面向低频、低设备量且可接受临时购买的人群。,低（个人偏好）,机场购买不一定便宜或可靠。,All-in-one or individual travel adapters,https://www.reddit.com/r/travel/comments/1ir3ymv/travel_adapters_do_you_prefer_the_all_in_one_or/
U025,2025,r/travel,Comment,地区适配策略,熟悉路线用小附件,支持,用户在首次到陌生地区时会用一体机，但频繁往返美国或欧洲时更喜欢小型独立附件。,按熟悉路线选择地区模块。,行程频率可以决定是带通用套装还是单一模块。,低（个人偏好）,无重量对比。,All-in-one or individual travel adapters,https://www.reddit.com/r/travel/comments/1ir3ymv/travel_adapters_do_you_prefer_the_all_in_one_or/
U026,2025,r/travel,Comment,接口与线材,一个USB-C主机+小适配器,支持,用户将所有随身设备迁移到 USB-C，旅行时只带一个多口主机和目的地小适配器。,USB-C统一与地区附件。,三 USB-C 主机比堆叠多种充电头更符合目标用户。,低（个人配置）,仍有遗留接口用户。,All-in-one or individual travel adapters,https://www.reddit.com/r/travel/comments/1ir3ymv/travel_adapters_do_you_prefer_the_all_in_one_or/
U027,2025,r/travel,Post,安全与误用,万能头接地/保险,约束,发帖者指出部分万能砖即使能插入，也可能没有接地或不符合英国保险丝习惯。,关注地区安全差异。,Atlas 应取消 AC 透传并采用 Class II 充电器，地区线组件分别认证。,低（用户观察）,最终安全要求需查正式标准。,All-in-one or individual travel adapters,https://www.reddit.com/r/travel/comments/1ir3ymv/travel_adapters_do_you_prefer_the_all_in_one_or/
U028,2025-07-24,r/onebag,Post,便携性,直插与带线取舍,反方,用户在直插充电器和带线充电器之间犹豫，认为带线方案会增加额外体积和收纳麻烦。,倾向直接壁插。,Flex-Link 必须足够短、可收纳，并证明可靠性收益大于线材负担。,低（问题型帖子）,未实际对比两种方案。,Direct wall plug or charger with lead,https://www.reddit.com/r/onebag/comments/1m85ov5/which_type_of_the_charger_would_work_better_in/
U029,2025-07-24,r/onebag,Comment,便携性,长设备线替代输入线,反方,评论建议使用直插主机和更长的手机线，认为这比充电器自带电源线更省体积。,长 USB-C 设备线。,Atlas 必须证明短 AC 输入线能解决直插+长设备线无法解决的凹陷和下坠问题。,低（个人偏好）,长设备线不会降低墙端主机重量。,Direct wall plug or charger with lead,https://www.reddit.com/r/onebag/comments/1m85ov5/which_type_of_the_charger_would_work_better_in/
U030,2022-07-11,r/onebag,Post,便携性,冗余端口,支持,用户认为很多旅行适配器体积大，并包含不需要的 USB 或电动剃须刀接口。,寻找纯物理、纤薄适配器。,Atlas 应取消 AC 透传和冗余 USB-A，聚焦高价值功能。,低（个人需求）,仅一名轻装用户。,Travel adaptor?,https://www.reddit.com/r/onebag/comments/vwpl0c/travel_adaptor/
U031,2022-07-11,r/onebag,Comment,地区适配策略,适当插头更轻,支持,用户认为只去美国、英国和欧盟时，携带对应小插头可能比万能适配器更小更轻。,目的地专用附件。,Region Cord Kit 应按旅程选配，而不是每次携带全部模块。,低（个人建议）,多国连续行程仍可能需要多个附件。,Travel adaptor?,https://www.reddit.com/r/onebag/comments/vwpl0c/travel_adaptor/
U032,2024,r/onebag,Comment,插座可达性,只有一个可用插座,支持,频繁旅行者认为青旅和部分酒店常常只能依赖一个真正可用的插座。,多口主机集中供电。,Atlas 的多 USB-C 价值来自一个可靠 AC 点，而非无限增加 AC 口。,低（个人经验）,发生频率未统计。,Why travel adapters also serve as USB docks,https://www.reddit.com/r/onebag/comments/1ftdq54/why_is_there_such_a_big_market_for_travel_plug/
U033,2024,r/onebag,Comment,插座可达性,酒店每侧仅一口,中性,用户举例爱尔兰酒店每张床一侧只有一个插座。,共享或轮流充电。,多设备集中供电有现实场景，但不等于需要 5 个 AC 口。,低（单次住宿）,酒店布局差异大。,Why travel adapters also serve as USB docks,https://www.reddit.com/r/onebag/comments/1ftdq54/why_is_there_such_a_big_market_for_travel_plug/
U034,2024,r/onebag,Comment,多设备功率,设备密度,支持,评论认为多口产品主要服务于白天离开插座、晚上集中给多台设备补能的人。,夜间集中充电。,产品应以夜间一个可靠点集中供电为核心场景。,低（解释型评论）,未提供具体设备清单。,Why travel adapters also serve as USB docks,https://www.reddit.com/r/onebag/comments/1ftdq54/why_is_there_such_a_big_market_for_travel_plug/
U035,2025,r/onebag,Post,地区适配策略,万能插座物理兼容,支持,亚洲旅行资料中指出部分通用插座对 A/B/C/F 插脚夹持不稳，可能掉落或接触异常，需要当地 Type O 等适配。,选择当地标准插脚。,行程助手应提醒“能插入”不等于稳定或符合当地标准。,低（社区整理）,帖子不是标准机构。,Travel adapter multi-port fast charger for Asia,https://www.reddit.com/r/onebag/comments/1pkrugn/travel_adapter_multi_port_fast_gan_charger/
U036,2025,r/onebag,Comment,地区适配策略,可换插脚高功率,中性,用户推荐可滑入地区附件的 65W 充电器，称其可同时给笔记本约 45W、手机约 20W。,锁定式地区附件。,竞品已覆盖可换插脚和双设备功率，Atlas 差异不能只依赖模块化。,低（个人使用）,输出分配依具体型号和协议。,Travel adapter multi-port fast charger for Asia,https://www.reddit.com/r/onebag/comments/1pkrugn/travel_adapter_multi_port_fast_gan_charger/
U037,2025,r/onebag,Comment,安全与误用,温升,约束,评论者认为某紧凑 GaN 型号运行偏热，而更厚的可拆插脚旅行系列温度更低。,选择更大机身降低热密度。,100W 桌面主机不能只追求最小体积，应为热设计留余量。,低（主观温感）,没有仪器测温。,Travel adapter multi-port fast charger for Asia,https://www.reddit.com/r/onebag/comments/1pkrugn/travel_adapter_multi_port_fast_gan_charger/
U038,2025,r/onebag,Comment,多设备功率,多口分配,约束,评论提醒多设备同时连接会分配总功率，若想让手机和笔记本同时快充，可能需要更高总功率。,选择更高总功率或明确优先级。,本机必须清楚显示或说明端口功率策略，避免用户以为每口均为峰值。,低（一般技术认知）,具体行为取决于充电器设计。,Travel adapter multi-port fast charger for Asia,https://www.reddit.com/r/onebag/comments/1pkrugn/travel_adapter_multi_port_fast_gan_charger/
U039,2026-06,r/onebag,Comment,地区适配策略,小适配器+扩展装置,支持,用户建议使用只做 A 转 C 的小型物理适配器，再连接自己的充电器或小排插，优点是轻且容易收纳。,小地区适配器。,轻量墙端与远端主机组合已被用户自然采用。,低（个人建议）,Type C 并不覆盖所有欧洲接地场景。,Plug adapter from worldwide to US,https://www.reddit.com/r/onebag/comments/1toyz7y/please_drop_your_recs_for_plug_adapter_from/
U040,2026-06,r/onebag,Comment,目标用户,小功率配置,反方,轻装用户只携带 33W 1C1A 主机、欧规附件和小充电宝，即可满足手机和耳机。,低功率小套装。,Atlas 对手机+耳机用户明显过度设计，应排除该人群。,低（个人配置）,不含笔记本和相机。,Plug adapter from worldwide to US,https://www.reddit.com/r/onebag/comments/1toyz7y/please_drop_your_recs_for_plug_adapter_from/
U041,2018,r/onebag,Comment,插座可达性,家具遮挡,支持,用户喜欢较长的输入线，因为酒店常把插座放在家具后或很别扭的位置。,带线桌面充电器。,短线长度需要在轻量收纳和可达性之间实验，不一定固定 30cm。,低（个人经验）,长线也会增加缠绕。,Travel adapter with powerful USB ports,https://www.reddit.com/r/onebag/comments/9jd958/looking_for_best_travel_adapter_with_powerful_usb/
U042,2018,r/onebag,Comment,地区适配策略,适配器套装优于万能头,支持,用户使用地区插头套装而非万能充电器，因为一体机更笨重，而单次旅行通常只需要一两种插头。,按行程携带附件。,模块化价值在于不带无关地区结构。,低（个人经验）,产品年代较早，USB-C生态已变化。,Travel adapter with powerful USB ports,https://www.reddit.com/r/onebag/comments/9jd958/looking_for_best_travel_adapter_with_powerful_usb/
U043,2018,r/onebag,Comment,反方与边界,可换插脚传统方案,中性,用户认为带 UK/EU 可换插脚的多口 Anker 充电器虽然不是最小，但足够耐用且易替换。,传统可换插脚充电器。,Atlas 必须相对成熟可换插脚产品证明可靠性监测和墙端卸载价值。,低（个人经验）,旧产品规格与当前不同。,Travel adapter with powerful USB ports,https://www.reddit.com/r/onebag/comments/9jd958/looking_for_best_travel_adapter_with_powerful_usb/
U044,2024,r/onebag,Post,接口与线材,USB-C-only需求,支持,用户寻找四个 USB-C、不要 USB-A 的紧凑旅行充电器。,全 USB-C 多口。,目标主机可优先 3C，不必为历史端口堆叠体积。,低（个人需求）,市场仍存在 USB-A 需求。,USB-C only travel chargers,https://www.reddit.com/r/onebag/comments/1fkkct0/usbc_only_travel_chargers/
U045,2024,r/onebag,Comment,接口与线材,C-to-C兼容失败,约束,用户发现部分看似 USB-C 的廉价设备不能使用 C-to-C 线充电，只能使用 A-to-C。,保留 A-to-C 线或适配器。,完全取消 USB-A 可能导致旅行兼容性问题；可考虑小型 A 转 C 附件而非主机固定 A 口。,中低（多个用户呼应）,问题多见于不规范设备。,USB-C only travel chargers,https://www.reddit.com/r/onebag/comments/1fkkct0/usbc_only_travel_chargers/
U046,2024,r/onebag,Comment,接口与线材,酒店/青旅USB-A,约束,评论指出青旅有时床边只有 USB-A 供电口，因此 USB-A 仍可能是应急接口。,携带 A-to-C 线或小适配器。,主机可保持 3C，但套件需要兼容遗留 USB-A 场景。,低（个人经验）,公共 USB 的安全和功率另有风险。,USB-C only travel chargers,https://www.reddit.com/r/onebag/comments/1fkkct0/usbc_only_travel_chargers/
U047,2024,r/onebag,Comment,接口与线材,2C1A平衡,中性,用户认为 65W 2C1A 足够给笔记本或三台设备使用，并认为 A-to-C 线仍很常见。,混合端口配置。,端口选择应由目标用户数据决定，不能仅凭未来趋势。,低（个人配置）,未说明三设备同时功率。,USB-C only travel chargers,https://www.reddit.com/r/onebag/comments/1fkkct0/usbc_only_travel_chargers/
U048,2024,r/onebag,Comment,多设备功率,三口已足够,约束,用户认为三个 USB-C 已满足日常，极少同时使用四个；第三口 20W 对耳机等足够。,三 USB-C。,Atlas 先做 3C 比 4C 更利于体积和热设计。,低（个人配置）,内容创作者可能需要更多口。,USB-C only travel chargers,https://www.reddit.com/r/onebag/comments/1fkkct0/usbc_only_travel_chargers/
U049,2023,r/onebag,Comment,地区适配策略,锁定附件与滑动机构,支持,用户偏好能锁定的地区附件，认为万能滑动插脚的活动件更易故障、也更占墙面空间。,锁定式地区附件。,Region Cord 应减少复杂滑块和活动机构。,低（个人观点）,没有故障统计。,Travel adapters vs travel adapter,https://www.reddit.com/r/onebag/comments/17ganrl/deciding_on_travel_adapters_vs_travel_adapter/
U050,2025,r/onebag,Comment,反方与边界,万能滑动结构长期可靠,反方,另一用户表示廉价滑动式万能适配器使用约七年无故障，只因缺少 USB-C 才考虑更换。,继续使用万能头。,活动机构并非必然失败，Atlas 不能用未经统计的可靠性主张攻击全部万能产品。,低（单个长期样本）,无法验证具体品牌和使用频率。,Travel adapters vs travel adapter,https://www.reddit.com/r/onebag/comments/17ganrl/deciding_on_travel_adapters_vs_travel_adapter/
U051,2025,r/onebag,Comment,反方与边界,不要过度设计,反方,用户认为只要设备支持全球电压，选择能覆盖目的地的适配器即可，许多地方甚至有通用插座。,使用现成适配器。,产品必须聚焦可靠性敏感人群，而非制造所有旅行者都有复杂问题的叙事。,低（个人观点）,通用插座质量差异大。,Travel adapters - do not overthink it,https://www.reddit.com/r/onebag/comments/1n00se7/travel_adapters_dont_over_think_it/
U052,2023,r/UsbCHardware,Comment,充电连续性,重新协商导致掉电,支持,评论指出部分多口 USB-C 充电器在设备插拔时会让其他端口重新协商，敏感负载可能因短暂停电受影响。,选择不中断其他端口的设计。,Charge Assurance 应记录端口重新协商和非预期中断。,中低（技术社区解释）,并非所有充电器都如此。,Do multiport USB-C chargers slow down,https://www.reddit.com/r/UsbCHardware/comments/17s01az/do_multiport_usb_c_chargers_slow_down_if_multiple/
U053,2023,r/UsbCHardware,Comment,充电连续性,非所有多口都会重置,反方,评论指出某些充电器只有在总请求功率超限时才重置端口，并非多口设计的必然行为。,选择更好的电源分配架构。,Atlas 应把“不中断热插拔”设为设计要求，而不是默认现象。,低（产品举例）,未验证所提型号。,Do multiport USB-C chargers slow down,https://www.reddit.com/r/UsbCHardware/comments/17s01az/do_multiport_usb_c_chargers_slow_down_if_multiple/
U054,2021,r/UsbCHardware,Post,充电连续性,插拔引发全端口断电,支持,UGREEN 65W 多口用户称每次插拔设备，所有已连接设备都会失电数秒再恢复。,寻找不中断其他端口的产品。,端口事件日志和独立电源路径有实际用户价值。,中低（具体产品经历）,电池设备对短暂停电不敏感。,Multi-port charger temporarily cuts power,https://www.reddit.com/r/UsbCHardware/comments/r9r1nf/normal_for_usb_c_multiport_chargers_to/
U055,2026,r/digitalnomad,Comment,多设备功率,一体充电较慢,约束,用户尝试多设备充电器后，认为即使配更大电源，实际速度仍比三根独立线慢。,分开充电。,功率分配策略和用户可见性比端口数量更重要。,低（主观比较）,未说明型号和测试条件。,Best way to charge multiple devices in hotels,https://www.reddit.com/r/digitalnomad/comments/1rsdfee/best_way_to_charge_multiple_devices_in_hotels/
U056,2026,r/digitalnomad,Comment,插座可达性,床头板后插座,支持,用户携带带直角插头的轻量 3 英尺延长线，以适应床头板后的插座并获得三个插孔。,直角输入线。,Flex-Link 的插头应低轮廓，线长可测试 30cm 与 90cm 两档。,低（个人经验）,3 英尺可能不够轻量。,Best way to charge multiple devices in hotels,https://www.reddit.com/r/digitalnomad/comments/1rsdfee/best_way_to_charge_multiple_devices_in_hotels/
U057,2026,r/hotels,Comment,充电可靠性,酒店USB松动,支持,用户不愿使用酒店内置 USB 口，认为它们经常松动且工作不稳定。,自带 AC 充电器。,Atlas 应以可信 AC 输入和自带主机为主，不依赖酒店 USB。,低（个人经验）,酒店设备维护差异大。,Hotel USB ports question,https://www.reddit.com/r/hotels/comments/1sgt4mo/usb_ports_question_not_a_complaint/
U058,2026,r/hotels,Comment,充电可靠性,酒店USB功率过低,支持,用户称部分酒店 USB-A 供电太慢，使用一小时后手机电量反而更低。,外出购买 USB-C 快充器。,低功率公共 USB 不能作为可靠后备，主机应显示实际输出功率。,低（个人经历）,手机同时使用情况未知。,Hotel USB ports question,https://www.reddit.com/r/hotels/comments/1sgt4mo/usb_ports_question_not_a_complaint/
U059,2026,r/hotels,Comment,安全与误用,公共USB信任,约束,用户出于安全顾虑拒绝公共 USB，宁愿酒店提供位置方便的 AC 插座。,自带充电器。,产品价值不仅是功率，也包括可信的自有供电链路。,低（用户风险认知）,部分酒店 USB 可能仅供电无数据。,Hotel USB ports question,https://www.reddit.com/r/hotels/comments/1sgt4mo/usb_ports_question_not_a_complaint/
U060,2026,r/hotels,Comment,插座可达性,旅行排插,中性,用户会携带排插，确保酒店内有足够插孔。,旅行排插。,Atlas 以 USB-C 集中供电替代大号 AC 排插，但不服务非 USB 设备。,低（个人配置）,排插可给更多 AC 设备供电。,Hotel USB ports question,https://www.reddit.com/r/hotels/comments/1sgt4mo/usb_ports_question_not_a_complaint/
U061,2025,r/travel,Comment,安全与误用,被动适配器发热,支持,讨论认为纯物理适配器本身不应明显发热；发热可能提示接触不充分或连接质量问题。,更换适配器并检查连接。,Charge Assurance 可把输入异常定义为接触/供电风险提示，但不能直接诊断根因。,低（社区技术建议）,非现场电气检测。,Why US/CAD to EU adapter becomes hot,https://www.reddit.com/r/travel/comments/1l9t0pl/why_do_uscad_to_eu_adapter_becoming_hot_when_used/
U062,2025,r/TravelHacks,Comment,安全与误用,适配器非变压器,支持,用户指出多数 USB 充电器自身支持宽电压，旅行时通常只需要改变插脚，而不是电压转换器。,当地小插脚适配。,产品必须明确“100–240V 充电器，不是电压转换器”。,低（一般技术解释）,仍需核对每台设备铭牌。,Using a local USB charger instead of travel adapter,https://www.reddit.com/r/TravelHacks/comments/1ohddg2/using_a_local_usb_charger_instead_of_a_travel/
U063,2023,r/UsbCHardware,Post,多设备功率,手机+笔记本同时快充,支持,用户希望手机和笔记本同时快充，但发现双设备时手机会因总功率分配降速。,寻找更高总功率和合理分配的主机。,100W 目标应提供明确的双口与三口功率表。,低（需求型帖子）,设备协议不同会影响结果。,Two devices at once without dropping power,https://www.reddit.com/r/UsbCHardware/comments/189wzdf/is_there_a_usb_c_charger_that_can_charges_two/
U064,2024-02-04,r/onebag,Post,反方与边界,万能头体积成本,反方,发帖者质疑是否值得在轻装行李中长期携带拳头大小、额外花费的万能适配器，认为可在目的地购买小型 USB 适配。,当地购买小件。,Atlas 必须在体积和重量上接近普通高功率主机，而不是再造大砖头。,低（问题型帖子）,未考虑高频旅行和可靠性成本。,How many onebaggers carry universal adapters,https://www.reddit.com/r/onebag/comments/1ai3pbg/how_many_of_those_onebagging_it_overseas_carry/
U065,2026,r/mildlyinfuriating,Post,插座可达性,床边无AC+低功率USB,支持,酒店房间床边没有 AC 插座，低功率 USB 只能防止设备继续掉电，无法有效充手机或笔记本。,使用远处插座。,输入线可达性和高功率 USB-C 比酒店自带慢速口更重要。,低（单次住宿）,帖子情绪化且未测量功率。,Hotel room has no plug sockets by bed,https://www.reddit.com/r/mildlyinfuriating/comments/1sxa36y/my_hotel_room_doesnt_have_any_plug_sockets_by_the/
U066,2023,r/UsbCHardware,Post,安全与误用,单适配器叠加排插,约束,旅行者考虑用一个旅行适配器再连接多孔插排和多个充电器，并担心日本 100V 与设备兼容。,多级叠加。,Atlas 应避免适配器+排插+多充电头的链式连接，同时提供电压适用提示。,低（方案咨询）,没有实际使用结果。,Japan travel adapter plus multi-outlet,https://www.reddit.com/r/UsbCHardware/comments/15jkziy/traveling_to_japan_question_about_travel_adapter/
U067,2024,r/onebag,Comment,反方与边界,一体机正向体验,反方,一名用户在伦敦和马德里使用紧凑多口适配器，认为它能同时快充多台手机且质量不错。,继续使用一体式适配器。,市场已有对一体机满意的用户，Atlas 应以可靠性细分而非全盘替代。,低（单个正向样本）,未涉及笔记本或松动插座。,Travel adapter converter,https://www.reddit.com/r/onebag/comments/1ddhjxq/travel_adapterconverter/
U068,2025-01-30,r/ThailandTourism,Post,机械稳定性,当地插座掉落,支持,旅行者称插头在当地插座中经常掉出，需要用周围物品托住。,用物体支撑。,不同地区的通用插座夹持差异会放大墙端重量问题。,低（单条公开经历）,未说明充电器型号。,Charger falls out of outlets in Thailand,https://www.reddit.com/r/ThailandTourism/comments/1idlerb/is_there_some_kind_of_secret_to_getting_your/
U069,2021-11-21,r/askanelectrician,Comment,地区适配策略,长期使用原生插头,支持,前高频旅行者建议长期使用时直接更换为当地插头，认为比持续叠加适配器更可靠。,原生地区插头。,地区短线组件应可长期替换，不依赖多层转接。,低（个人建议）,不适合临时旅行时改装设备。,Travel adaptor too loose,https://www.reddit.com/r/askanelectrician/comments/qymdd9/how_can_i_solve_this_travel_adaptor_too_loose/
U070,2023-10-16,r/AskElectricians,Post,反方与边界,连接过紧,约束,用户遇到相反问题：适配器对充电器夹持过紧，难以分离，其他多个充电器也有类似情况。,使用工具强行拆卸。,连接设计需在防脱与可拆卸之间平衡，不能只追求更大夹持力。,低（个人经历）,可能是单一品牌公差问题。,Travel adapter stuck in charger,https://www.reddit.com/r/AskElectricians/comments/178xpz7/travel_adapter_stuck_in_charger_any_tipshacks/
U071,2022-07-11,r/onebag,Post,便携性,万能适配器冗余,支持,另一公开讨论同样抱怨旅行适配器笨重，并包含用户不需要的 USB 和特殊设备接口。,寻找简单纤薄适配。,取消 AC 通用插座与低价值接口有助于收敛产品。,低（与U030同线程同一发帖）,与 U030 属于同一源，不计独立发生率。,Travel adaptor?,https://www.reddit.com/r/onebag/comments/vwpl0c/travel_adaptor/
U072,2024-05-11,r/onebag,Post,多设备功率,家庭多人长期旅行,中性,五口之家长期旅行需要为多名儿童和成人的设备规划统一充电方案。,集中式充电套装。,Atlas 可能扩展到家庭场景，但第一版不应为极端设备数增加过多端口。,低（场景描述）,帖子片段未提供实际故障。,Ideal charging setup for family travel,https://www.reddit.com/r/onebag/comments/1cpifcn/ideal_chargingcord_setup_for_extended_travel/
U073,2026,r/AlaskaAirlines,Post,机械稳定性,插座夹持辅助件,支持,旅客讨论在磨损机舱插座中使用小型塑料夹持辅助件，让普通充电器不再掉落。,Snug Plug 类小附件。,稳定问题催生了独立小配件，说明用户愿意为机械夹持寻找专门方案。,低（社区 workaround）,安全性与合规性未验证。,Power outlets over-worn and chargers fall out,https://www.reddit.com/r/AlaskaAirlines/comments/1qo6f80/power_outlets_overworn_and_chargers_fall_out/
U074,2025-02-26,r/unitedairlines,Comment,机械稳定性,UK插头/夹持件,支持,用户使用 UK 转接头或更小的夹持件改善旧机舱插座，也称酒店中常遇到充电器勉强悬挂。,厚插脚或夹持辅助件。,地区插脚几何会显著影响夹持，但 Atlas 不能用不合规增厚附件替代标准设计。,低（个人经验）,航空万能插座不是标准家庭插座。,United seat power ports too loose,https://www.reddit.com/r/unitedairlines/comments/1iycf4n/united_seat_power_ports_are_old_and_often_too/
U075,2024-08-13,r/unitedairlines,Post,机械稳定性,厚地区适配器,支持,用户称较厚的北欧插脚适配器能让重型 Anker 充电砖在松动机舱插座中保持稳定。,利用不同插脚几何增加夹持。,墙端模块的插脚几何和地区原生标准比“万能可插”更重要。,低（个人经验）,不应将航空 hack 用作家庭插座安全建议。,Inflight power hack,https://www.reddit.com/r/unitedairlines/comments/1erb990/inflight_power_hack_loose_power_outlets/
U076,2025,r/unitedairlines,Post,机械稳定性,必须手扶充电器,支持,用户购买旅行壁插充电器后发现，它在机舱插座中只有用手扶住才能持续供电。,人工支撑。,产品应在真实松动插座上测试，不只测试标准新插座。,低（单次产品经历）,机舱插座维护状态特殊。,Wall charger that stays in,https://www.reddit.com/r/unitedairlines/comments/1onqi6f/wall_charger_that_stays_in/
U077,2026,r/UsbCHardware,Post,充电连续性,热插拔不中断需求,支持,用户寻找在插拔任一设备时不会让其他 USB 供电设备重启的多口充电器。,独立端口或平滑重分配。,不中断热插拔应进入工程需求，尤其对相机配件和无电池设备。,低（需求型帖子）,未给出最终购买结果。,Multiport charger that does not interrupt power,https://www.reddit.com/r/UsbCHardware/comments/1roxfy3/looking_for_a_multiport_usb_charger_that_doesnt/
U078,2023,r/UsbCHardware,Post,多设备功率,用户希望控制充电策略,中性,用户希望双口充电器能在给手表供电时，让手机采用较低功率而非固定快充。,主动功率策略。,功率分配可提供场景模式，但第一版不需要复杂 AI 调度。,低（个人需求）,低速充电动机并非主流。,Two-port charger for slower charging,https://www.reddit.com/r/UsbCHardware/comments/16wckd2/looking_for_a_twoport_usbc_charger_that_will_slow/
U079,2019,r/UsbCHardware,Post,接口与线材,国际旅行转向USB-C,支持,每年多次前往亚洲和欧洲的用户因设备都已迁移到 USB-C，开始寻找带两个 USB-C 的可靠国际适配器。,更换为 USB-C 旅行套装。,USB-C 多口是高频旅行用户的持续需求。,低（需求型帖子）,2019 年功率需求低于当前。,International travel adapters with Type-C,https://www.reddit.com/r/UsbCHardware/comments/bhu1ab/any_recommendations_for_international_travel/
U080,2025,r/UsbCHardware,Post,多设备功率,减少多个充电砖,支持,用户厌倦旅行和远程办公时在多个充电砖之间切换，希望一个 3C1A 多口主机。,集中多口主机。,集中主机的价值明确，但端口数量需和重量、热设计平衡。,低（需求型帖子）,未涉及跨国插头和断充。,Best multi-port charger for multiple devices,https://www.reddit.com/r/UsbCHardware/comments/1k6vuw0/whats_the_best_multiport_charger_for_charging/
